file,group,NavigationLink,Form,List,ScrollView,Button,Toggle,Picker,Slider,TextField,ForEach,GeometryReader,ZStack,VStack,HStack,@EnvironmentObject,@ObservedObject,sheet(,fullScreenCover,alert(
ControlBar/BatteryView.swift,ControlBar,0,0,0,0,0,0,0,0,0,0,0,1,0,2,0,1,0,0,0
ControlBar/ControlBarLandscapeView.swift,ControlBar,0,0,0,3,110,0,0,0,0,3,0,0,4,6,0,9,1,0,0
ControlBar/ControlBarPortraitView.swift,ControlBar,0,0,0,3,87,0,0,0,0,2,0,0,3,4,2,7,1,0,0
ControlBar/ControlBarUtils.swift,ControlBar,0,0,0,0,7,0,0,0,0,0,0,0,0,0,0,0,0,0,0
ControlBar/QuickButton/Chat/QuickButtonChatChatterInfoView.swift,ControlBar,0,0,0,1,2,0,0,0,0,1,0,1,4,4,0,0,0,0,0
ControlBar/QuickButton/Chat/QuickButtonChatModerationView.swift,ControlBar,11,5,0,0,13,3,7,0,10,13,0,0,1,5,1,2,1,0,0
ControlBar/QuickButton/Chat/QuickButtonChatUrlView.swift,ControlBar,0,0,0,0,3,0,0,0,0,0,0,0,0,0,0,0,0,0,0
ControlBar/QuickButton/Chat/QuickButtonChatView.swift,ControlBar,1,2,1,3,105,1,0,0,2,6,2,3,14,15,0,20,0,0,1
ControlBar/QuickButton/QuickButtonAutoSceneSwitcherView.swift,ControlBar,0,1,0,0,1,0,0,0,0,0,0,0,0,0,0,2,0,0,0
ControlBar/QuickButton/QuickButtonBitrateView.swift,ControlBar,1,1,0,0,1,0,1,0,0,1,0,0,0,0,0,3,0,0,0
ControlBar/QuickButton/QuickButtonDjiDevicesView.swift,ControlBar,1,1,1,0,1,1,0,0,0,1,0,0,0,1,0,2,0,0,0
ControlBar/QuickButton/QuickButtonGoProView.swift,ControlBar,1,1,0,1,7,0,7,0,0,4,1,0,4,5,0,6,0,0,0
ControlBar/QuickButton/QuickButtonLiveView.swift,ControlBar,2,2,0,0,2,0,0,0,0,0,0,0,0,0,0,10,0,0,0
ControlBar/QuickButton/QuickButtonLutsView.swift,ControlBar,1,1,0,0,1,1,0,0,0,1,0,0,0,0,0,2,0,0,0
ControlBar/QuickButton/QuickButtonMacrosView.swift,ControlBar,1,1,1,0,3,0,0,0,0,1,0,0,0,1,0,2,0,0,0
ControlBar/QuickButton/QuickButtonMicView.swift,ControlBar,0,1,3,0,4,1,0,0,0,1,0,0,1,1,0,4,0,0,0
ControlBar/QuickButton/QuickButtonObsView.swift,ControlBar,1,2,0,0,65,1,5,0,0,2,0,0,0,1,3,16,0,0,0
ControlBar/QuickButton/QuickButtonSceneWidgetsView.swift,ControlBar,1,1,1,0,5,1,0,0,0,1,0,0,0,0,1,4,0,0,0
ControlBar/QuickButton/QuickButtonStreamSwitcherView.swift,ControlBar,0,1,0,0,1,0,1,0,0,1,0,0,0,0,1,1,0,0,0
ControlBar/QuickButtonsView.swift,ControlBar,0,0,0,0,267,0,3,0,0,0,0,7,1,0,1,5,0,0,0
ControlBar/RemoteControlAssistant/ControlBarRemoteControlAssistantView.swift,ControlBar,3,7,0,0,15,23,9,1,1,7,0,2,8,8,1,19,1,1,0
ControlBar/StreamButton.swift,ControlBar,0,0,0,0,21,0,0,0,0,0,0,0,0,0,4,2,1,0,0
ControlBar/ThermalStateSheetView.swift,ControlBar,0,1,0,0,0,0,0,0,0,0,0,0,2,2,0,0,0,0,0
ExternalDisplay/ExternalDisplayView.swift,ExternalDisplay,0,0,0,1,0,0,0,0,0,3,1,1,3,4,3,5,0,0,0
Main/LockScreenView.swift,Main,0,0,0,0,0,0,0,0,0,0,0,0,0,0,0,0,0,0,0
Main/MacKeyPressView.swift,Main,0,0,0,0,0,0,0,0,0,0,0,0,0,0,0,0,0,0,0
Main/SnapshotCountdownView.swift,Main,0,0,0,0,0,0,0,0,0,0,0,0,1,0,0,1,0,0,0
Main/StealthModeView.swift,Main,0,0,0,0,38,0,0,0,0,0,0,1,4,4,0,4,0,0,0
MainView.swift,MainView.swift,0,0,0,2,65,0,0,0,1,1,4,7,8,8,6,8,3,0,0
Settings/About/AboutAttributionsSettingsView.swift,Settings,2,1,0,2,0,0,0,0,0,4,0,0,4,2,0,0,0,0,0
Settings/About/AboutSettingsView.swift,Settings,1,1,0,0,4,0,0,0,0,0,0,1,0,0,0,0,1,0,0
Settings/About/AboutVersionHistorySettingsView.swift,Settings,0,1,4,1,12,27,0,2,0,2,0,0,2,1,0,0,0,0,1
Settings/Audio/AudioSettingsView.swift,Settings,2,1,0,0,1,2,0,2,0,0,0,0,1,3,1,7,0,0,0
Settings/BitratePresets/BitratePresetsPresetSettingsView.swift,Settings,1,0,0,0,0,0,0,0,0,0,0,0,0,1,0,1,0,0,0
Settings/BitratePresets/BitratePresetsSettingsView.swift,Settings,0,1,1,0,2,0,0,0,0,1,0,0,0,0,0,1,0,0,0
Settings/BlackSharkCoolers/BlackSharkCoolerDeviceScannerSettingsView.swift,Settings,0,1,1,0,1,0,1,0,0,1,0,0,0,0,1,1,0,0,0
Settings/BlackSharkCoolers/BlackSharkCoolerDeviceSettingsView.swift,Settings,2,1,0,0,0,2,1,1,0,0,0,0,0,2,1,4,0,0,0
Settings/BlackSharkCoolers/BlackSharkCoolerDevicesSettingsView.swift,Settings,0,1,1,0,2,0,0,0,0,1,0,0,0,0,1,1,0,0,0
Settings/Camera/CameraControls/CameraControlsView.swift,Settings,0,0,0,0,0,1,0,0,0,0,0,0,0,0,1,1,0,0,0
Settings/Camera/CameraSettingsView.swift,Settings,5,4,3,0,3,1,11,0,0,6,0,0,0,0,5,7,1,0,0
Settings/Camera/FixedHorizon/FixedHorizonView.swift,Settings,0,0,0,0,0,1,0,0,0,0,0,0,0,0,1,1,0,0,0
Settings/Camera/MirrorFrontCamera/MirrorFrontCameraView.swift,Settings,0,0,0,0,0,1,0,0,0,0,0,0,0,0,0,1,0,0,0
Settings/Camera/TapScreenToFocus/TapScreenToFocusSettingsView.swift,Settings,0,0,0,0,0,1,0,0,0,0,0,0,0,0,0,1,0,0,0
Settings/Camera/VideoStabilization/VideoStabilizationSettingsView.swift,Settings,0,0,0,0,0,0,1,0,0,1,0,0,0,0,1,0,0,0,0
Settings/Camera/Zoom/ZoomPresetSettingsView.swift,Settings,1,0,0,0,0,0,0,0,0,0,0,0,0,1,1,1,0,0,0
Settings/Camera/Zoom/ZoomSettingsView.swift,Settings,0,1,2,0,4,0,0,1,0,2,0,0,0,1,1,1,0,0,0
Settings/Camera/Zoom/ZoomSwitchToSettingsView.swift,Settings,1,0,0,0,0,1,0,0,0,0,0,0,0,0,1,1,0,0,0
Settings/CatPrinters/CatPrinterScannerSettingsView.swift,Settings,0,1,1,0,1,0,1,0,0,1,0,0,0,0,1,1,0,0,0
Settings/CatPrinters/CatPrinterSettingsView.swift,Settings,4,2,0,0,1,4,0,0,0,0,0,0,0,0,1,4,0,0,0
Settings/CatPrinters/CatPrintersSettingsView.swift,Settings,1,1,1,0,2,1,0,0,0,1,0,0,0,0,1,3,0,0,0
Settings/Chat/ChatBotSettingsView.swift,Settings,7,6,1,0,2,6,2,0,0,3,0,0,8,1,2,5,0,0,0
Settings/Chat/ChatFiltersSettingsView.swift,Settings,4,2,1,0,2,6,0,0,0,1,0,0,1,2,0,4,0,0,0
Settings/Chat/ChatNicknamesSettingsView.swift,Settings,2,2,1,0,3,0,0,0,0,1,0,0,0,2,0,2,0,0,0
Settings/Chat/ChatSettingsAppearanceView.swift,Settings,1,1,0,0,0,9,6,1,0,1,0,0,0,1,0,2,0,0,0
Settings/Chat/ChatSettingsLayoutView.swift,Settings,1,1,0,0,0,2,0,3,0,0,0,0,0,3,0,2,0,0,0
Settings/Chat/ChatSettingsView.swift,Settings,4,1,0,0,0,6,0,0,0,0,0,0,0,0,0,5,0,0,0
Settings/Chat/ChatTextToSpeechSettingsView.swift,Settings,2,2,0,0,0,5,1,3,0,1,0,0,0,3,1,3,0,0,0
Settings/Debug/DebugLogSettingsView.swift,Settings,0,1,0,0,2,0,0,0,1,1,0,0,1,1,0,1,0,0,0
Settings/Debug/DebugSettingsView.swift,Settings,1,1,0,0,1,8,0,3,0,0,0,0,1,3,1,1,0,1,0
Settings/Debug/DebugVideoSettingsView.swift,Settings,1,11,0,0,0,2,2,0,0,0,0,0,0,0,1,1,0,0,0
Settings/DeepLinkCreator/DeepLinkCreatorQuickButtonsSettingsView.swift,Settings,0,1,1,0,15,4,1,0,0,2,0,0,1,2,1,2,0,0,0
Settings/DeepLinkCreator/DeepLinkCreatorSettingsView.swift,Settings,3,1,0,0,29,2,0,0,0,0,1,0,0,0,0,1,0,0,0
Settings/DeepLinkCreator/DeepLinkCreatorStreamSettingsView.swift,Settings,8,8,0,0,0,3,5,1,0,5,0,0,0,2,2,8,0,0,0
Settings/DeepLinkCreator/DeepLinkCreatorStreamsSettingsView.swift,Settings,0,1,1,0,2,0,0,0,0,1,0,0,0,0,0,1,0,0,0
Settings/DeepLinkCreator/DeepLinkCreatorWebBrowserSettingsView.swift,Settings,0,1,0,0,0,0,0,0,0,0,0,0,0,0,0,1,0,0,0
Settings/Display/DisplaySettingsView.swift,Settings,4,1,0,0,4,7,1,1,0,1,0,0,2,1,2,2,0,0,0
Settings/Display/LocalOverlays/LocalOverlaysSettingsView.swift,Settings,0,1,0,0,0,24,0,0,0,0,0,0,0,0,0,1,0,0,0
Settings/Display/NetworkInterfaceNames/LocalOverlaysNetworkInterfaceNamesSettingsView.swift,Settings,0,1,1,0,1,0,0,0,0,1,0,0,0,0,1,1,0,0,0
Settings/Display/QuickButtons/QuickButtonsButtonSettingsView.swift,Settings,1,1,0,0,80,1,4,0,0,1,0,0,1,3,1,4,0,0,0
Settings/Display/QuickButtons/QuickButtonsSettingsView.swift,Settings,1,1,1,0,44,5,0,0,0,2,0,0,0,0,0,6,0,0,0
Settings/Display/StreamButton/StreamButtonsSettingsView.swift,Settings,0,1,0,0,10,0,1,0,0,0,0,0,0,0,0,1,0,0,0
Settings/DjiDevices/DjiDeviceScannerSettingsView.swift,Settings,0,1,1,0,1,0,1,0,0,1,0,0,0,0,1,1,0,0,0
Settings/DjiDevices/DjiDeviceSettingsView.swift,Settings,3,1,0,0,4,1,7,0,0,7,0,0,0,0,3,12,0,0,0
Settings/DjiDevices/DjiDevicesSettingsView.swift,Settings,1,1,1,0,2,0,0,0,0,1,0,0,0,1,2,3,0,0,0
Settings/GameControllers/GameControllersControllerButtonSettingsView.swift,Settings,1,1,0,0,5,0,6,0,0,7,0,0,0,1,0,1,0,0,0
Settings/GameControllers/GameControllersControllerSettingsView.swift,Settings,0,1,0,0,2,0,0,0,0,1,0,0,0,0,0,1,0,0,0
Settings/GameControllers/GameControllersControllerThumbStickSettingsView.swift,Settings,1,1,0,0,0,0,1,0,0,1,0,0,0,1,0,0,0,0,0
Settings/GameControllers/GameControllersSettingsView.swift,Settings,1,1,1,0,2,0,0,0,0,1,0,0,0,0,0,1,0,0,0
Settings/Gimbal/GimbalSettingsView.swift,Settings,1,2,1,0,11,1,0,1,0,1,0,0,1,4,0,4,0,0,0
Settings/GoPro/GoProSettingsView.swift,Settings,5,4,3,0,6,1,4,0,0,7,3,0,0,3,2,20,0,0,0
Settings/HelpAndSupport/HelpAndSupportSettingsView.swift,Settings,0,1,0,0,2,0,0,0,0,0,0,0,0,0,0,0,0,0,0
Settings/ImportExport/ExportSettingsView.swift,Settings,0,0,0,0,0,0,0,0,0,0,0,0,0,0,0,1,0,0,0
Settings/ImportExport/ImportExportSettingsView.swift,Settings,0,1,0,0,0,0,0,0,0,0,0,0,1,0,0,0,0,0,0
Settings/ImportExport/ImportSettingsView.swift,Settings,0,0,0,0,2,0,12,0,0,0,0,0,0,0,1,1,1,0,0
Settings/Ingests/IngestsSettingsView.swift,Settings,1,1,0,0,0,0,0,0,0,0,0,0,0,0,0,0,0,0,0
Settings/Ingests/RistServer/RistServerSettingsView.swift,Settings,1,1,3,0,2,1,0,0,0,1,0,0,1,1,1,1,0,0,0
Settings/Ingests/RistServer/RistServerStreamSettingsView.swift,Settings,2,3,0,0,0,0,0,0,0,0,0,0,1,1,1,4,0,0,0
Settings/Ingests/RtmpServer/RtmpServerSettingsView.swift,Settings,1,1,3,0,2,1,0,0,0,1,0,0,1,1,1,1,0,0,0
Settings/Ingests/RtmpServer/RtmpServerStreamSettingsView.swift,Settings,2,3,0,0,0,0,0,0,0,0,0,0,1,1,1,4,0,0,0
Settings/Ingests/RtspClient/RtspClientSettingsView.swift,Settings,1,1,1,0,2,0,0,0,0,1,0,0,0,1,1,1,0,0,0
Settings/Ingests/RtspClient/RtspClientStreamSettingsView.swift,Settings,2,5,0,0,1,1,1,0,1,2,0,0,0,1,1,2,1,0,0
Settings/Ingests/SrtlaServer/SrtlaServerSettingsView.swift,Settings,1,1,3,0,2,1,0,0,0,1,0,0,2,1,1,1,0,0,0
Settings/Ingests/SrtlaServer/SrtlaServerStreamSettingsView.swift,Settings,2,2,0,0,0,0,0,0,0,0,0,0,1,1,1,4,0,0,0
Settings/Ingests/WhepClient/WhepClientSettingsView.swift,Settings,1,1,1,0,2,0,0,0,0,1,0,0,0,1,1,1,0,0,0
Settings/Ingests/WhepClient/WhepClientStreamSettingsView.swift,Settings,2,2,0,0,0,2,0,0,0,0,0,0,0,1,1,2,0,0,0
Settings/Ingests/WhipServer/WhipServerSettingsView.swift,Settings,1,1,3,0,2,1,0,0,0,1,0,0,0,1,1,1,0,0,0
Settings/Ingests/WhipServer/WhipServerStreamSettingsView.swift,Settings,2,3,0,0,0,1,0,0,0,0,0,0,1,1,1,4,0,0,0
Settings/Keyboard/KeyboardKeySettingsView.swift,Settings,2,2,0,0,1,0,2,0,1,0,0,0,0,2,0,3,0,0,0
Settings/Keyboard/KeyboardSettingsView.swift,Settings,0,1,1,0,2,0,0,0,0,1,0,0,0,0,0,1,0,0,0
Settings/Location/LocationSettingsView.swift,Settings,1,1,1,0,3,3,2,0,0,3,0,0,1,0,2,2,0,0,0
Settings/Macros/MacrosSettingsView.swift,Settings,2,3,2,0,4,1,5,1,0,8,0,0,0,2,0,8,0,0,0
Settings/MediaPlayer/MediaPlayerFileSettingsView.swift,Settings,1,1,0,0,0,0,0,0,0,0,0,0,0,1,1,0,0,0,0
Settings/MediaPlayer/MediaPlayerSettingsView.swift,Settings,1,1,1,0,1,1,2,0,0,1,0,0,0,1,1,2,0,0,0
Settings/MediaPlayer/MediaPlayersSettingsView.swift,Settings,0,1,1,0,2,0,0,0,0,1,0,0,0,0,1,1,0,0,0
Settings/Moblink/MoblinkSettingsView.swift,Settings,3,4,2,0,4,3,0,0,2,2,0,0,1,1,5,6,0,0,0
Settings/Recordings/RecordingsSettingsView.swift,Settings,0,2,0,0,2,0,0,0,0,0,0,0,2,0,0,0,1,0,0
Settings/RemoteControl/RemoteControlSettingsView.swift,Settings,8,8,1,0,5,6,1,1,2,2,0,0,2,3,2,12,0,0,0
Settings/Reset/ResetSettingsView.swift,Settings,0,0,0,0,3,0,0,0,0,0,0,0,0,0,1,0,0,0,0
Settings/Scenes/AutoSwitchers/AutoSwitchersSettingsView.swift,Settings,3,3,0,0,4,1,5,0,0,5,0,0,0,2,3,11,0,0,0
Settings/Scenes/DisconnectProtection/DisconnectProtectionSettingsView.swift,Settings,1,1,0,0,0,0,2,0,0,2,0,0,0,0,0,2,0,0,0
Settings/Scenes/Scene/SceneSettingsView.swift,Settings,4,1,1,1,4,4,6,0,0,4,0,0,3,5,5,13,0,0,1
Settings/Scenes/Scene/SceneWidgetSettingsView.swift,Settings,0,1,0,0,0,0,0,0,0,0,0,0,0,0,0,2,0,0,0
Settings/Scenes/ScenesSettingsView.swift,Settings,2,2,3,0,5,2,2,1,0,3,0,0,0,2,3,7,0,0,0
Settings/Scenes/Widgets/Widget/Alerts/WidgetAlertsChatBotSettingsView.swift,Settings,1,2,1,0,3,1,0,0,0,1,0,0,1,0,2,2,0,0,0
Settings/Scenes/Widgets/Widget/Alerts/WidgetAlertsImageSettingsView.swift,Settings,2,3,1,0,3,0,6,1,0,2,0,0,0,2,3,0,1,0,0
Settings/Scenes/Widgets/Widget/Alerts/WidgetAlertsKickSettingsView.swift,Settings,6,8,1,0,7,5,1,0,0,2,0,0,1,1,6,5,0,0,0
Settings/Scenes/Widgets/Widget/Alerts/WidgetAlertsSettingsView.swift,Settings,9,2,0,0,1,2,21,1,0,2,1,1,0,2,5,6,1,0,0
Settings/Scenes/Widgets/Widget/Alerts/WidgetAlertsSoundSettingsView.swift,Settings,2,3,1,0,5,0,6,0,0,2,0,0,0,1,3,0,1,0,0
Settings/Scenes/Widgets/Widget/Alerts/WidgetAlertsSpeechToTextSettingsView.swift,Settings,1,2,1,0,3,1,0,0,0,1,0,0,1,0,2,2,0,0,0
Settings/Scenes/Widgets/Widget/Alerts/WidgetAlertsTextSettingsView.swift,Settings,0,0,0,0,0,0,4,1,0,2,0,0,0,1,2,0,0,0,0
Settings/Scenes/Widgets/Widget/Alerts/WidgetAlertsTwitchSettingsView.swift,Settings,7,9,1,0,6,5,1,0,0,3,0,0,1,1,8,4,0,0,0
Settings/Scenes/Widgets/Widget/BingoCard/WidgetBingoCardSettingsView.swift,Settings,0,0,0,0,5,0,2,0,2,3,0,0,1,2,0,3,0,0,0
Settings/Scenes/Widgets/Widget/Browser/WidgetBrowserSettingsView.swift,Settings,1,0,0,0,0,1,1,1,1,0,0,0,1,2,1,1,0,0,0
Settings/Scenes/Widgets/Widget/Chat/WidgetChatSettingsView.swift,Settings,0,0,0,0,0,6,5,2,0,1,0,0,0,2,0,2,0,0,0
Settings/Scenes/Widgets/Widget/Crop/WidgetCropSettingsView.swift,Settings,0,0,0,0,0,0,1,0,0,1,0,0,0,0,1,0,0,0,0
Settings/Scenes/Widgets/Widget/Effects/AnamorphicLensEffectView.swift,Settings,0,1,0,0,0,0,0,0,0,0,0,0,0,0,0,1,0,0,0
Settings/Scenes/Widgets/Widget/Effects/Dewarp360EffectView.swift,Settings,0,0,0,0,0,0,0,3,0,0,0,0,0,3,0,1,0,0,0
Settings/Scenes/Widgets/Widget/Effects/LutEffectView.swift,Settings,1,0,0,0,0,0,1,0,0,1,0,0,0,0,1,2,0,0,0
Settings/Scenes/Widgets/Widget/Effects/OpacityEffectView.swift,Settings,0,0,0,0,0,0,0,1,0,0,0,0,0,0,0,1,0,0,0
Settings/Scenes/Widgets/Widget/Effects/RemoveBackgroundEffectView.swift,Settings,0,0,0,0,0,0,2,0,0,0,0,0,0,0,0,1,0,0,0
Settings/Scenes/Widgets/Widget/Effects/ShapeEffectView.swift,Settings,0,0,0,0,0,1,1,2,0,0,1,1,0,2,0,3,0,0,0
Settings/Scenes/Widgets/Widget/Effects/WidgetEffectsView.swift,Settings,1,1,0,0,2,1,1,0,0,2,0,0,0,1,1,2,0,0,0
Settings/Scenes/Widgets/Widget/Image/WidgetImageSettingsView.swift,Settings,0,0,0,0,0,0,4,0,0,0,0,0,0,0,0,0,0,0,0
Settings/Scenes/Widgets/Widget/Map/WidgetMapSettingsView.swift,Settings,1,0,0,0,0,1,0,1,0,0,0,0,0,1,1,0,0,0,0
Settings/Scenes/Widgets/Widget/PngTuber/WidgetPngTuberSettingsView.swift,Settings,1,0,0,0,1,1,16,2,0,0,0,0,0,3,1,2,1,0,0
Settings/Scenes/Widgets/Widget/QrCode/WidgetQrCodeSettingsView.swift,Settings,0,0,0,0,0,0,0,0,0,0,0,0,0,0,0,0,0,0,0
Settings/Scenes/Widgets/Widget/Scene/WidgetSceneSettingsView.swift,Settings,0,0,0,0,0,0,1,0,0,1,0,0,0,0,1,0,0,0,0
Settings/Scenes/Widgets/Widget/Scoreboard/WidgetScoreboardGenericSettingsView.swift,Settings,0,1,0,0,20,0,5,0,0,1,0,0,4,3,0,6,0,0,0
Settings/Scenes/Widgets/Widget/Scoreboard/WidgetScoreboardModularSettingsView.swift,Settings,2,3,0,0,0,5,4,2,0,2,0,0,0,3,0,4,0,0,0
Settings/Scenes/Widgets/Widget/Scoreboard/WidgetScoreboardPadelSettingsView.swift,Settings,1,0,1,0,7,0,2,0,0,2,0,0,1,3,2,7,0,0,0
Settings/Scenes/Widgets/Widget/Scoreboard/WidgetScoreboardSettingsView.swift,Settings,1,1,0,0,4,0,4,0,0,1,0,0,0,0,0,5,0,0,0
Settings/Scenes/Widgets/Widget/Slideshow/WidgetSlideshowSettingsView.swift,Settings,1,1,0,0,2,0,4,0,0,2,0,0,0,1,1,6,0,0,0
Settings/Scenes/Widgets/Widget/Snapshot/WidgetSnapshotSettingsView.swift,Settings,0,0,0,0,0,0,1,0,0,1,0,0,0,0,0,1,0,0,0
Settings/Scenes/Widgets/Widget/Text/WidgetTextSettingsView.swift,Settings,11,26,0,0,21,4,20,2,2,19,0,0,8,15,4,7,1,0,0
Settings/Scenes/Widgets/Widget/VTuber/WidgetVTuberSettingsView.swift,Settings,1,0,0,0,1,1,16,3,0,0,0,0,0,4,1,2,1,0,0
Settings/Scenes/Widgets/Widget/VideoSource/WidgetVideoSourceSettingsView.swift,Settings,1,0,0,0,1,2,2,1,0,0,0,0,0,2,1,2,0,0,1
Settings/Scenes/Widgets/Widget/WheelOfLuck/WidgetWheelOfLuckSettingsView.swift,Settings,1,1,0,0,6,1,1,0,2,2,0,0,0,2,0,5,0,0,0
Settings/Scenes/Widgets/Widget/WidgetSettingsView.swift,Settings,0,1,0,0,4,1,2,0,0,0,0,0,3,8,1,5,0,0,0
Settings/Scenes/Widgets/Widget/WidgetWizardSettingsView.swift,Settings,2,2,0,0,4,0,1,0,1,2,0,0,0,1,0,7,0,0,0
Settings/Scenes/Widgets/Widget/Wizard/WidgetWizardBingoCardSettingsView.swift,Settings,0,1,0,0,0,0,0,0,0,0,0,0,0,0,0,1,0,0,0
Settings/Scenes/Widgets/Widget/Wizard/WidgetWizardBrowserSettingsView.swift,Settings,0,1,0,0,0,0,0,0,1,0,0,0,0,0,0,3,0,0,0
Settings/Scenes/Widgets/Widget/Wizard/WidgetWizardImageSettingsView.swift,Settings,0,1,0,0,0,0,1,0,0,0,0,0,0,0,0,0,0,0,0
Settings/Scenes/Widgets/Widget/Wizard/WidgetWizardPngTuberSettingsView.swift,Settings,0,1,0,0,0,0,1,0,0,0,0,0,0,0,0,1,0,0,0
Settings/Scenes/Widgets/Widget/Wizard/WidgetWizardSlideshowSettingsView.swift,Settings,1,2,0,0,2,0,2,0,0,1,0,0,0,0,0,6,0,0,0
Settings/Scenes/Widgets/Widget/Wizard/WidgetWizardTextSettingsView.swift,Settings,0,1,0,0,0,0,0,0,0,0,0,0,0,0,0,3,0,0,0
Settings/Scenes/Widgets/Widget/Wizard/WidgetWizardVTuberSettingsView.swift,Settings,0,1,0,0,0,0,1,0,0,0,0,0,0,0,0,1,0,0,0
Settings/Scenes/Widgets/Widget/Wizard/WidgetWizardVideoSourceSettingsView.swift,Settings,0,1,0,0,0,0,5,0,0,1,0,0,0,0,0,3,0,0,0
Settings/Scenes/Widgets/Widget/Wizard/WidgetWizardWheelOfLuckSettingsView.swift,Settings,0,1,0,0,0,0,0,0,0,0,0,0,0,0,0,1,0,0,0
Settings/Scenes/Widgets/WidgetsSettingsView.swift,Settings,1,0,0,0,3,1,0,0,0,1,0,0,1,1,2,3,1,0,0
Settings/SelfieStick/SelfieStickSettingsView.swift,Settings,0,1,0,0,2,1,0,0,0,0,0,0,0,0,0,3,0,0,0
Settings/SettingsView.swift,Settings,32,1,0,0,0,1,0,0,0,0,0,0,0,0,1,1,0,0,0
Settings/Store/StoreSettingsView.swift,Settings,0,1,1,0,17,0,1,0,0,2,0,1,0,2,3,3,0,0,0
Settings/StreamingHistory/StreamingHistorySettingsView.swift,Settings,1,1,1,0,1,0,0,0,0,1,0,0,5,1,0,2,0,0,0
Settings/StreamingHistory/StreamingHistoryStreamSettingsView.swift,Settings,0,1,0,0,0,0,0,0,0,0,0,0,1,2,1,0,0,0,0
Settings/Streams/Stream/Audio/StreamAudioSettingsView.swift,Settings,0,1,0,0,0,0,1,1,0,1,0,0,1,1,1,1,0,0,0
Settings/Streams/Stream/Chat/StreamEmotesSettingsView.swift,Settings,0,1,0,0,0,3,0,0,0,0,0,0,0,0,1,0,0,0,0
Settings/Streams/Stream/GoLiveNotification/GoLiveNotificationSettingsView.swift,Settings,1,2,0,0,1,0,0,0,2,0,0,0,1,0,0,3,0,0,0
Settings/Streams/Stream/Kick/StreamKickSettingsView.swift,Settings,4,3,0,0,5,6,2,0,1,1,0,0,0,3,3,5,1,0,0
Settings/Streams/Stream/MultiStreaming/StreamMultiStreamingSettingsView.swift,Settings,3,2,1,0,2,1,0,0,0,1,0,0,1,1,2,4,0,0,0
Settings/Streams/Stream/ObsRemoteControl/StreamObsRemoteControlSettingsView.swift,Settings,0,1,0,0,0,6,0,0,0,0,0,0,0,0,1,1,0,0,0
Settings/Streams/Stream/OpenStreamingPlatform/StreamOpenStreamingPlatformSettingsView.swift,Settings,0,1,0,0,0,0,0,0,0,0,0,0,0,0,1,0,0,0,0
Settings/Streams/Stream/RealtimeIrl/StreamRealtimeIrlSettingsView.swift,Settings,0,1,0,0,0,0,0,0,0,0,0,0,0,0,1,1,0,0,0
Settings/Streams/Stream/Recording/StreamRecordingAudioSettingsView.swift,Settings,0,1,0,0,0,0,0,1,0,0,0,0,1,1,1,0,0,0,0
Settings/Streams/Stream/Recording/StreamRecordingSettingsView.swift,Settings,4,2,0,0,2,4,14,0,0,2,0,0,1,1,4,5,1,0,0
Settings/Streams/Stream/Replay/StreamReplaySettingsView.swift,Settings,1,3,0,0,3,2,16,0,0,2,0,0,3,7,1,4,2,0,0
Settings/Streams/Stream/Rist/StreamRistSettingsView.swift,Settings,0,1,0,0,0,2,0,0,0,0,0,0,0,0,1,0,0,0,0
Settings/Streams/Stream/Rtmp/StreamRtmpSettingsView.swift,Settings,0,1,0,0,0,1,0,0,0,0,0,0,0,0,1,0,0,0,0
Settings/Streams/Stream/Snapshot/StreamSnapshotSettingsView.swift,Settings,0,1,0,0,0,2,0,0,0,0,0,0,1,0,1,2,0,0,0
Settings/Streams/Stream/Soop/StreamSoopSettingsView.swift,Settings,0,1,0,0,0,0,0,0,0,0,0,0,1,0,1,0,0,0,0
Settings/Streams/Stream/Srt/StreamSrtAdaptiveBitrateSettingsView.swift,Settings,0,1,0,0,0,0,1,9,0,1,0,0,3,1,0,2,0,0,0
Settings/Streams/Stream/Srt/StreamSrtConnectionPriority2View.swift,Settings,0,2,0,0,1,2,0,1,0,1,0,0,1,1,2,1,0,0,0
Settings/Streams/Stream/Srt/StreamSrtSettingsView.swift,Settings,2,3,0,0,0,3,2,0,0,2,0,0,1,0,1,1,0,0,0
Settings/Streams/Stream/StreamSettingsView.swift,Settings,21,2,0,0,0,5,0,0,0,0,0,0,0,5,1,4,0,0,0
Settings/Streams/Stream/StreamWizardSettingsView.swift,Settings,6,1,0,0,3,0,0,0,0,0,0,0,0,0,0,1,0,0,0
Settings/Streams/Stream/Twitch/StreamTwitchSettingsView.swift,Settings,4,3,0,0,5,7,2,0,1,1,0,0,0,3,2,2,0,0,0
Settings/Streams/Stream/Url/StreamUrlSettingsView.swift,Settings,0,0,0,0,0,0,0,0,0,0,0,0,0,0,2,3,0,0,0
Settings/Streams/Stream/Video/StreamVideoSettingsView.swift,Settings,5,3,0,0,0,4,6,1,0,6,0,0,2,0,10,13,0,0,0
Settings/Streams/Stream/Whip/StreamWhipSettingsView.swift,Settings,0,1,0,0,0,0,1,0,0,1,0,0,1,0,0,1,0,0,0
Settings/Streams/Stream/Wizard/Custom/StreamWizardCustomRistSettingsView.swift,Settings,1,2,0,0,1,0,0,0,1,0,0,0,0,0,0,1,0,0,0
Settings/Streams/Stream/Wizard/Custom/StreamWizardCustomRtmpSettingsView.swift,Settings,1,2,0,0,1,0,0,0,2,0,0,0,0,0,0,1,0,0,0
Settings/Streams/Stream/Wizard/Custom/StreamWizardCustomSettingsView.swift,Settings,5,1,0,0,1,0,0,0,0,0,0,0,0,0,0,1,0,0,0
Settings/Streams/Stream/Wizard/Custom/StreamWizardCustomSrtSettingsView.swift,Settings,1,2,0,0,1,0,0,0,2,0,0,0,0,0,0,2,0,0,0
Settings/Streams/Stream/Wizard/Custom/StreamWizardCustomWhipSettingsView.swift,Settings,1,2,0,0,1,0,0,0,1,0,0,0,0,0,0,1,0,0,0
Settings/Streams/Stream/Wizard/NetworkSetup/MyServers/StreamWizardNetworkSetupMyServersRtmpSettingsView.swift,Settings,1,2,0,0,1,0,0,0,2,0,0,0,0,0,0,1,0,0,0
Settings/Streams/Stream/Wizard/NetworkSetup/MyServers/StreamWizardNetworkSetupMyServersSettingsView.swift,Settings,2,1,0,0,0,0,0,0,0,0,0,0,0,0,0,1,0,0,0
Settings/Streams/Stream/Wizard/NetworkSetup/MyServers/StreamWizardNetworkSetupMyServersSrtSettingsView.swift,Settings,1,1,0,0,1,0,0,0,0,0,0,0,0,0,0,1,0,0,0
Settings/Streams/Stream/Wizard/NetworkSetup/StreamWizardNetworkSetupBelaboxSettingsView.swift,Settings,1,2,0,0,1,0,0,0,1,0,0,0,1,0,0,1,0,0,0
Settings/Streams/Stream/Wizard/NetworkSetup/StreamWizardNetworkSetupDirectSettingsView.swift,Settings,1,5,0,0,1,0,0,0,8,0,0,0,4,1,0,1,0,0,0
Settings/Streams/Stream/Wizard/NetworkSetup/StreamWizardNetworkSetupObsSettingsView.swift,Settings,1,2,0,0,1,0,0,0,2,0,0,0,2,0,0,1,0,0,0
Settings/Streams/Stream/Wizard/NetworkSetup/StreamWizardNetworkSetupSettingsView.swift,Settings,4,1,0,0,0,0,0,0,0,0,0,0,1,4,0,0,0,0,0
Settings/Streams/Stream/Wizard/Platform/StreamWizardKickSettingsView.swift,Settings,1,1,0,0,3,0,0,0,1,0,0,0,0,0,0,1,1,0,0
Settings/Streams/Stream/Wizard/Platform/StreamWizardObsSettingsView.swift,Settings,0,0,0,0,0,0,0,0,0,0,0,0,0,0,0,1,0,0,0
Settings/Streams/Stream/Wizard/Platform/StreamWizardSoopSettingsView.swift,Settings,1,1,0,0,1,0,0,0,2,0,0,0,0,0,0,1,0,0,0
Settings/Streams/Stream/Wizard/Platform/StreamWizardTwitchSettingsView.swift,Settings,1,1,0,0,3,0,0,0,2,0,0,0,0,0,0,1,1,0,0
Settings/Streams/Stream/Wizard/Platform/StreamWizardYouTubeSettingsView.swift,Settings,1,1,0,0,3,0,0,0,1,0,0,0,0,0,0,2,0,0,0
Settings/Streams/Stream/Wizard/StreamWizardGeneralSettingsView.swift,Settings,0,1,0,0,1,1,0,0,1,0,0,0,0,0,0,1,0,0,0
Settings/Streams/Stream/Wizard/StreamWizardObsRemoteControlSettingsView.swift,Settings,1,2,0,0,1,1,0,0,5,0,0,0,2,1,0,1,0,0,0
Settings/Streams/Stream/YouTube/StreamYouTubeSettingsView.swift,Settings,0,3,4,0,9,1,1,0,1,2,0,0,2,3,1,6,1,0,0
Settings/Streams/StreamsSettingsView.swift,Settings,1,1,1,0,5,1,0,0,0,1,0,0,0,1,2,4,1,0,0
Settings/Talkback/TalkbackSettingsView.swift,Settings,1,1,0,0,0,1,2,0,0,0,0,0,0,1,0,2,0,0,0
Settings/Tesla/TeslaSettingsView.swift,Settings,1,2,0,0,9,3,0,0,0,0,0,0,0,0,2,2,0,0,0
Settings/Watch/Chat/WatchChatSettingsView.swift,Settings,0,1,0,0,0,3,1,1,0,1,0,0,0,1,1,1,0,0,0
Settings/Watch/Display/LocalOverlays/WatchLocalOverlaysSettingsView.swift,Settings,0,1,0,0,0,3,0,0,0,0,0,0,0,0,1,1,0,0,0
Settings/Watch/Display/WatchDisplaySettingsView.swift,Settings,1,1,0,0,0,0,0,0,0,0,0,0,0,0,0,1,0,0,0
Settings/Watch/WatchSettingsView.swift,Settings,2,1,0,0,0,1,0,0,0,0,0,0,0,0,1,1,0,0,0
Settings/WiFiAware/WiFiAwareSettingsView.swift,Settings,0,1,3,0,0,1,2,0,0,1,0,0,0,0,0,1,0,0,0
Settings/WorkoutDevices/WorkoutDeviceScannerSettingsView.swift,Settings,0,1,1,0,1,0,1,0,0,1,0,0,0,0,1,1,0,0,0
Settings/WorkoutDevices/WorkoutDeviceSettingsView.swift,Settings,2,1,0,0,0,1,0,0,0,0,0,0,0,0,0,4,0,0,0
Settings/WorkoutDevices/WorkoutDevicesSettingsView.swift,Settings,0,1,1,0,2,0,0,0,0,1,0,0,1,0,1,1,0,0,0
Stream/CameraLevelView.swift,Stream,0,0,0,0,0,0,0,0,0,0,0,0,0,0,0,1,0,0,0
Stream/DrawOnStreamView.swift,Stream,0,0,0,0,2,0,1,1,0,0,0,1,2,3,0,3,0,0,0
Stream/Overlay/Right/AudioLevelView.swift,Stream,0,0,0,0,0,0,0,0,0,0,0,0,0,3,0,4,0,0,0
Stream/Overlay/Right/CameraSettingsControlView.swift,Stream,0,0,0,0,19,0,0,7,0,0,0,0,2,3,6,9,0,0,0
Stream/Overlay/Right/MediaPlayerControlsView.swift,Stream,0,0,0,0,3,1,0,1,0,0,0,0,1,1,1,1,0,0,0
Stream/Overlay/Right/ReplayView.swift,Stream,0,0,0,1,9,0,4,1,0,1,0,1,3,2,4,14,0,0,0
Stream/Overlay/Right/SceneSelectorView.swift,Stream,0,0,0,0,1,0,2,0,0,0,0,1,1,1,3,6,0,0,0
Stream/Overlay/Right/SegmentedPicker.swift,Stream,0,0,0,0,1,0,5,0,0,1,0,1,1,1,0,0,0,0,0
Stream/Overlay/Right/StreamOverlayRightBeautyView.swift,Stream,0,0,0,0,1,1,1,5,0,1,0,0,0,0,0,3,0,0,0
Stream/Overlay/Right/StreamOverlayRightFaceView.swift,Stream,0,0,0,0,0,0,3,4,0,1,0,0,2,2,0,1,0,0,0
Stream/Overlay/Right/StreamOverlayRightPinchView.swift,Stream,0,0,0,0,0,0,0,1,0,0,0,0,0,0,0,1,0,0,0
Stream/Overlay/Right/StreamOverlayRightPixellateView.swift,Stream,0,0,0,0,0,0,0,1,0,0,0,0,0,0,0,1,0,0,0
Stream/Overlay/Right/StreamOverlayRightWhirlpoolView.swift,Stream,0,0,0,0,0,0,0,1,0,0,0,0,0,0,0,1,0,0,0
Stream/Overlay/Right/VideoPreviewView.swift,Stream,0,0,0,1,0,0,0,0,0,1,0,0,1,1,0,3,0,0,0
Stream/Overlay/Right/ZoomPresetSelctorView.swift,Stream,0,0,0,0,4,0,5,0,0,0,0,0,1,0,2,5,0,0,0
Stream/Overlay/StreamOverlayChatView.swift,Stream,0,0,0,2,0,0,0,0,0,4,1,0,3,4,0,3,0,0,0
Stream/Overlay/StreamOverlayDebugView.swift,Stream,0,0,0,0,0,0,0,0,0,1,0,0,1,0,0,1,0,0,0
Stream/Overlay/StreamOverlayLeftView.swift,Stream,0,1,0,0,0,0,0,0,0,2,0,0,2,6,1,9,0,0,0
Stream/Overlay/StreamOverlayNavigationView.swift,Stream,0,0,0,0,5,0,1,0,1,2,1,3,2,3,0,8,0,0,0
Stream/Overlay/StreamOverlayRightView.swift,Stream,0,0,0,0,1,0,0,0,0,0,0,0,4,7,10,63,0,0,0
Stream/StreamGridView.swift,Stream,0,0,0,0,0,0,0,0,0,0,0,0,0,0,0,0,0,0,0
Stream/StreamOverlayView.swift,Stream,0,0,0,0,6,0,0,0,0,0,1,4,4,9,2,9,0,0,0
Stream/StreamView.swift,Stream,0,0,0,0,0,0,0,0,0,0,0,0,0,0,0,1,0,0,0
Utils/AddButtonView.swift,Utils,0,0,0,0,2,0,0,0,0,0,0,0,0,0,0,0,0,0,0
Utils/BorderlessButtonView.swift,Utils,0,0,0,0,2,0,0,0,0,0,0,0,0,0,0,0,0,0,0
Utils/ButtonView.swift,Utils,0,0,0,0,6,0,0,0,0,0,0,0,0,3,0,0,0,0,0
Utils/CloseToolbarView.swift,Utils,0,0,0,0,3,0,0,0,0,0,0,0,0,0,0,0,0,0,0
Utils/CommandCopyView.swift,Utils,0,0,0,0,3,0,0,0,0,0,0,0,0,1,0,0,0,0,0
Utils/ContextMenuDeleteButtonView.swift,Utils,0,0,0,0,4,0,0,0,0,0,0,0,0,0,0,0,0,0,0
Utils/ContextMenuDuplicateButtonView.swift,Utils,0,0,0,0,2,0,0,0,0,0,0,0,0,0,0,0,0,0,0
Utils/CreateButtonView.swift,Utils,0,0,0,0,2,0,0,0,0,0,0,0,0,0,0,0,0,0,0
Utils/DraggableItemPrefixView.swift,Utils,0,0,0,0,0,0,0,0,0,0,0,0,0,0,0,0,0,0,0
Utils/FormFieldError.swift,Utils,0,1,0,0,0,0,0,0,0,0,0,0,0,0,0,0,0,0,0
Utils/HCenter.swift,Utils,0,0,0,0,0,0,0,0,0,0,0,0,0,1,0,0,0,0,0
Utils/IconAndTextView.swift,Utils,0,0,0,0,0,0,0,0,0,0,0,0,0,4,0,0,0,0,0
Utils/InfoBannerView.swift,Utils,0,0,0,0,0,0,0,0,0,0,0,0,0,1,0,0,0,0,0
Utils/InlinePickerView.swift,Utils,0,1,0,0,0,0,6,0,0,2,0,0,1,0,0,0,0,0,0
Utils/MultiLineTextFieldView.swift,Utils,1,1,0,0,3,0,0,0,7,1,0,1,1,1,0,0,0,0,0
Utils/NameEditView.swift,Utils,1,0,0,0,0,0,0,0,0,0,0,0,0,0,0,0,0,0,0
Utils/OpenAiSettingsView.swift,Utils,0,0,0,0,0,0,0,0,1,0,0,0,0,0,0,1,0,0,0
Utils/PositionEditView.swift,Utils,0,0,0,0,0,0,0,0,0,0,0,0,0,0,0,0,0,0,0
Utils/QrCodeImageView.swift,Utils,0,0,0,0,1,0,0,0,0,0,0,0,1,0,0,0,0,1,0
Utils/ShortcutView.swift,Utils,6,3,0,0,0,0,0,0,0,0,0,0,0,0,0,0,0,0,0
Utils/SizeEditView.swift,Utils,0,0,0,0,0,0,0,0,0,0,0,0,0,0,0,0,0,0,0
Utils/SliderView.swift,Utils,0,0,0,0,0,0,0,2,0,0,0,0,0,1,0,0,0,0,0
Utils/StrokeModifier.swift,Utils,0,0,0,0,0,0,0,0,0,0,0,0,0,0,0,0,0,0,0
Utils/SwipeLeftToDeleteButtonView.swift,Utils,0,0,0,0,2,0,0,0,0,0,0,0,0,0,0,0,0,0,0
Utils/SwipeLeftToDeleteHelpView.swift,Utils,0,0,0,0,0,0,0,0,0,0,0,0,0,0,0,0,0,0,0
Utils/SwipeLeftToDuplicateButtonView.swift,Utils,0,0,0,0,2,0,0,0,0,0,0,0,0,0,0,0,0,0,0
Utils/SwipeLeftToDuplicateOrDeleteHelpView.swift,Utils,0,0,0,0,0,0,0,0,0,0,0,0,0,0,0,0,0,0,0
Utils/SwipeLeftToRemoveHelpView.swift,Utils,0,0,0,0,0,0,0,0,0,0,0,0,0,0,0,0,0,0,0
Utils/TextEditNavigationView.swift,Utils,1,6,0,0,0,0,0,0,1,1,0,0,1,0,0,0,0,0,0
Utils/TextEditView.swift,Utils,0,1,0,0,0,0,0,0,1,1,0,0,1,0,0,0,0,0,0
Utils/TextItemView.swift,Utils,0,0,0,0,0,0,0,0,0,0,0,0,0,2,0,0,0,0,0
Utils/TextValueView.swift,Utils,0,0,0,0,0,0,0,0,0,0,0,0,0,0,0,0,0,0,0
Utils/UrlsView.swift,Utils,0,0,0,0,1,0,0,0,0,2,0,0,0,1,0,2,0,0,0
Utils/ValueEditView.swift,Utils,0,0,0,0,4,0,0,2,2,0,0,0,1,3,0,0,0,0,0
Utils/VideoSourceRotationView.swift,Utils,0,0,0,0,0,0,1,0,0,1,0,0,0,0,0,0,0,0,0
Utils/VoicesView.swift,Utils,1,2,1,0,3,0,13,0,0,2,0,0,0,2,0,0,0,0,0
WebBrowser/WebBrowserView.swift,WebBrowser,0,1,1,0,10,0,0,0,1,1,1,1,4,7,3,7,1,0,0
